"date","description","vendor","amount","currency","primary_tag","work_scope_level","hak_edis_policy","is_hak_edis_eligible","hak_edis_amount","CRM_STATUS","CRM_REVIEW_REQUIRED","HAK_EDIS_AUTO_INFER"
"","Trideck maliyet takibi | Kasa | 87,00 €","","87","EUR","UNCLASSIFIED","CONDITIONAL","CONDITIONAL","","","CONDITIONAL","TRUE","FALSE"
"","Gider toplamı | 2.314.544,00 €","","2314544","EUR","UNCLASSIFIED","CONDITIONAL","CONDITIONAL","","","CONDITIONAL","TRUE","FALSE"
"","Gökhan elden | 28.12.2023 | 40.000,00 € | Mimar Baran  | 28.12.2023 | 40.000,00 €","","28122023","EUR","UNCLASSIFIED","CONDITIONAL","CONDITIONAL","","","CONDITIONAL","TRUE","FALSE"
"","Mobilya söküm işi | 5.01.2024 | 4.375,00 € | 140000tl","","5012024","EUR","UNCLASSIFIED","CONDITIONAL","CONDITIONAL","","","CONDITIONAL","TRUE","FALSE"
"","Gökhan elden | 9.01.2024 | 14.375,00 € | Kaan | 9.01.2024 | 10.000,00 €","","9012024","EUR","UNCLASSIFIED","CONDITIONAL","CONDITIONAL","","","CONDITIONAL","TRUE","FALSE"
"","Sac kalınlık ölçümü | 16.01.2024 | 492,00 € | 16000tl","","16012024","EUR","UNCLASSIFIED","CONDITIONAL","CONDITIONAL","","","CONDITIONAL","TRUE","FALSE"
"","Gas free işlemi | 22.01.2024 | 5.230,00 € | 170000tl","","22012024","EUR","UNCLASSIFIED","CONDITIONAL","CONDITIONAL","","","CONDITIONAL","TRUE","FALSE"
"","Superstructure kesim | 15.02.2024 | 3.058,00 € | 100000tl","","15022024","EUR","UNCLASSIFIED","CONDITIONAL","CONDITIONAL","","","CONDITIONAL","TRUE","FALSE"
"","Gökhan elden | 15.02.2024 | 5.000,00 € | Yan taraflar kesim | 15.03.2024 | 1.428,00 € | 50000tl","","15022024","EUR","UNCLASSIFIED","CONDITIONAL","CONDITIONAL","","","CONDITIONAL","TRUE","FALSE"
"","Baran'a virman | 20.000,00 € | Baran akalın | 20.000,00 €","","20000","EUR","UNCLASSIFIED","CONDITIONAL","CONDITIONAL","","","CONDITIONAL","TRUE","FALSE"
"","Gökhan elden | 15.04.2024 | 20.000,00 € | Tente ön ödeme | 15.04.2024 | 20.000,00 €","","15042024","EUR","UNCLASSIFIED","CONDITIONAL","CONDITIONAL","","","CONDITIONAL","TRUE","FALSE"
"","Gökhan virman (tenteciye) | 19.04.2024 | 9.500,00 € | Tente ön ödeme | 19.04.2024 | 9.500,00 €","","19042024","EUR","UNCLASSIFIED","CONDITIONAL","CONDITIONAL","","","CONDITIONAL","TRUE","FALSE"
"","Gökhan elden | 25.04.2024 | 10.000,00 € | Motor dairesi sökümü | 30.05.2024 | 8.695,00 € | 300000 tl","","25042024","EUR","UNCLASSIFIED","CONDITIONAL","CONDITIONAL","","","CONDITIONAL","TRUE","FALSE"
"","Gökhan elden | 10.000,00 € | Tik güverte sökümü | 10.06.2024 | 1.676,00 €","","10000","EUR","UNCLASSIFIED","CONDITIONAL","CONDITIONAL","","","CONDITIONAL","TRUE","FALSE"
"","Tolga akdag'a hangar için | 11.07.2024 | 5.714,00 € | Tolga akdag'a hangar için | 11.07.2024 | 200000tl | 5.714,00 €","","11072024","EUR","UNCLASSIFIED","CONDITIONAL","CONDITIONAL","","","CONDITIONAL","TRUE","FALSE"
"","Gökhan elden | 18.07.2024 | 11.428,00 € | İmalat işçilik ilk grup | 17.07.2024 | 21.714,00 € | 760.000TL","","18072024","EUR","UNCLASSIFIED","CONDITIONAL","CONDITIONAL","","","CONDITIONAL","TRUE","FALSE"
"","Sac İzmirden 3850 kg | 17.07.2024 | 3.420,00 €","","17072024","EUR","UNCLASSIFIED","CONDITIONAL","CONDITIONAL","","","CONDITIONAL","TRUE","FALSE"
"","Nakliye vinç sac | 17.07.2024 | 314,00 €","","17072024","EUR","UNCLASSIFIED","CONDITIONAL","CONDITIONAL","","","CONDITIONAL","TRUE","FALSE"
"","Gökhan elden | 22.07.2024 | 12.457,00 € | Sac yalovadan 13280 kg | 22.07.2024 | 12.457,00 €","","22072024","EUR","UNCLASSIFIED","CONDITIONAL","CONDITIONAL","","","CONDITIONAL","TRUE","FALSE"
"","Yangın tüpü 50kg 6 ad | 22.07.2024 | 1.114,00 € | 39000tl","","22072024","EUR","UNCLASSIFIED","CONDITIONAL","CONDITIONAL","","","CONDITIONAL","TRUE","FALSE"
"","Yanmaz kumaş perde 94kgx3€ | 23.07.2024 | 282,00 €","","23072024","EUR","UNCLASSIFIED","CONDITIONAL","CONDITIONAL","","","CONDITIONAL","TRUE","FALSE"
"","Liman elektrik su vinç girişi | 23.07.2024 | 935,00 €","","23072024","EUR","UNCLASSIFIED","CONDITIONAL","CONDITIONAL","","","CONDITIONAL","TRUE","FALSE"
"","Gökhan elden | 31.07.2024 | 6.442,00 € | Havalandırma fanları | 26.07.2024 | 342,00 €","","31072024","EUR","UNCLASSIFIED","CONDITIONAL","CONDITIONAL","","","CONDITIONAL","TRUE","FALSE"
"","Tesisat söküm işi | 27.07.2024 | 2.428,00 €","","27072024","EUR","UNCLASSIFIED","CONDITIONAL","CONDITIONAL","","","CONDITIONAL","TRUE","FALSE"
"","Gökhan virman | 8.106,00 € | 283725tl | 8.106,00 €","","8106","EUR","UNCLASSIFIED","CONDITIONAL","CONDITIONAL","","","CONDITIONAL","TRUE","FALSE"
"","Gökhan virman | 5.08.2024 | 2.361,00 €","","5082024","EUR","UNCLASSIFIED","CONDITIONAL","CONDITIONAL","","","CONDITIONAL","TRUE","FALSE"
"","Gökhan virman | 8.08.2024 | 2.406,00 € | Tanktop ilave saçlar | 8.08.2024 | 2.406,00 € | 86648tl","","8082024","EUR","UNCLASSIFIED","CONDITIONAL","CONDITIONAL","","","CONDITIONAL","TRUE","FALSE"
"","Gökhan elden | 13.08.2024 | 10.000,00 € | Havalandırma fanı büyük | 441,00 € | 16000tl","","13082024","EUR","UNCLASSIFIED","CONDITIONAL","CONDITIONAL","","","CONDITIONAL","TRUE","FALSE"
"","2. Tanktop işçiliği | 9.044,00 €","","9044","EUR","UNCLASSIFIED","CONDITIONAL","CONDITIONAL","","","CONDITIONAL","TRUE","FALSE"
"","3. Görder işi | 8.143,00 €","","8143","EUR","UNCLASSIFIED","CONDITIONAL","CONDITIONAL","","","CONDITIONAL","TRUE","FALSE"
"","Çöp nakliye 2 kamyon | 444,00 €","","444","EUR","UNCLASSIFIED","CONDITIONAL","CONDITIONAL","","","CONDITIONAL","TRUE","FALSE"
"","Çöp işçilik 2 kişi 2 gün | 221,00 €","","221","EUR","UNCLASSIFIED","CONDITIONAL","CONDITIONAL","","","CONDITIONAL","TRUE","FALSE"
"","Güverte kaplama sökümü | 324,00 €","","324","EUR","UNCLASSIFIED","CONDITIONAL","CONDITIONAL","","","CONDITIONAL","TRUE","FALSE"
"","Gökhan elden | 50.000,00 € | Kapı avans ödeme | 27.08.2024 | 49.500,00 €","","50000","EUR","UNCLASSIFIED","CONDITIONAL","CONDITIONAL","","","CONDITIONAL","TRUE","FALSE"
"","Gökhan virman | 28.08.2024 | 5.333,00 €","","28082024","EUR","UNCLASSIFIED","CONDITIONAL","CONDITIONAL","","","CONDITIONAL","TRUE","FALSE"
"","Gökhan elden | 28.08.2024","","28082024","EUR","UNCLASSIFIED","CONDITIONAL","CONDITIONAL","","","CONDITIONAL","TRUE","FALSE"
"","Gökhan elden | 4.09.2024 | 5.000,00 €","","4092024","EUR","UNCLASSIFIED","CONDITIONAL","CONDITIONAL","","","CONDITIONAL","TRUE","FALSE"
"","Gökhan elden | 11.09.2024 | 7.258,00 € | Güverte için saclar | 7.165,00 €","","11092024","EUR","UNCLASSIFIED","CONDITIONAL","CONDITIONAL","","","CONDITIONAL","TRUE","FALSE"
"","4. Kalem güverte | 21.215,00 €","","21215","EUR","UNCLASSIFIED","CONDITIONAL","CONDITIONAL","","","CONDITIONAL","TRUE","FALSE"
"","Gökhan virman | 20.09.2024 | 6.865,00 €","","20092024","EUR","UNCLASSIFIED","CONDITIONAL","CONDITIONAL","","","CONDITIONAL","TRUE","FALSE"
"","Gökhan elden herçelik | 23.09.2024 | 25.790,00 € | Herçelik sac alımı  | 23.09.2024 | 25.790,00 €","","23092024","EUR","UNCLASSIFIED","CONDITIONAL","CONDITIONAL","","","CONDITIONAL","TRUE","FALSE"
"","Gökhan virman | 24.09.2024 | 7.466,00 €","","24092024","EUR","UNCLASSIFIED","CONDITIONAL","CONDITIONAL","","","CONDITIONAL","TRUE","FALSE"
"","Gökhan virman | 24.09.2024 | 1.188,00 €","","24092024","EUR","UNCLASSIFIED","CONDITIONAL","CONDITIONAL","","","CONDITIONAL","TRUE","FALSE"
"","Gökhan virman | 27.09.2024 | 1.426,00 € | Sac kesim ve büküm nakliye dahil | 27.09.2024 | 1.426,00 €","","27092024","EUR","UNCLASSIFIED","CONDITIONAL","CONDITIONAL","","","CONDITIONAL","TRUE","FALSE"
"","Gökhan virman | 27.09.2024 | 370,00 € | 5.kalem kıç bölümü | 29.09.2024 | 49.250,00 €","","27092024","EUR","UNCLASSIFIED","CONDITIONAL","CONDITIONAL","","","CONDITIONAL","TRUE","FALSE"
"","Vidanjör | 30.09.2024 | 184,00 €","","30092024","EUR","UNCLASSIFIED","CONDITIONAL","CONDITIONAL","","","CONDITIONAL","TRUE","FALSE"
"","Sac nakliye | 1.10.2024 | 526,00 €","","1102024","EUR","UNCLASSIFIED","CONDITIONAL","CONDITIONAL","","","CONDITIONAL","TRUE","FALSE"
"","Vinç | 1.10.2024 | 223,00 €","","1102024","EUR","UNCLASSIFIED","CONDITIONAL","CONDITIONAL","","","CONDITIONAL","TRUE","FALSE"
"","Kaynak teli | 4.10.2024 | 631,00 €","","4102024","EUR","UNCLASSIFIED","CONDITIONAL","CONDITIONAL","","","CONDITIONAL","TRUE","FALSE"
"","Gökhan elden | 4.10.2024 | 18.500,00 € | Tesisatçı avans | 4.10.2024 | 2.666,00 €","","4102024","EUR","UNCLASSIFIED","CONDITIONAL","CONDITIONAL","","","CONDITIONAL","TRUE","FALSE"
"","Liman elektrik su vinç girişi | 7.09.2024 | 1.200,00 €","","7092024","EUR","UNCLASSIFIED","CONDITIONAL","CONDITIONAL","","","CONDITIONAL","TRUE","FALSE"
"","Gökhan virman Baran | 8.10.2024 | 5.000,00 € | Baran akalın | 11.10.2024 | 5.000,00 €","","8102024","EUR","UNCLASSIFIED","CONDITIONAL","CONDITIONAL","","","CONDITIONAL","TRUE","FALSE"
"","Gökhan elden | 8.10.2024 | 13.600,00 € | 6. Kalem sac işi  | 11.10.2024 | 4.950,00 €","","8102024","EUR","UNCLASSIFIED","CONDITIONAL","CONDITIONAL","","","CONDITIONAL","TRUE","FALSE"
"","7. Kalem sac işi | 1.232,00 €","","1232","EUR","UNCLASSIFIED","CONDITIONAL","CONDITIONAL","","","CONDITIONAL","TRUE","FALSE"
"","Gökhan elden | 16.10.2024 | 14.000,00 € | Kumlama avans | 16.10.2024 | 13.900,00 €","","16102024","EUR","UNCLASSIFIED","CONDITIONAL","CONDITIONAL","","","CONDITIONAL","TRUE","FALSE"
"","Gökhan elden | 16.10.2024 | 9.066,00 €","","16102024","EUR","UNCLASSIFIED","CONDITIONAL","CONDITIONAL","","","CONDITIONAL","TRUE","FALSE"
"","Gökhan virman 406440tl | 17.10.2024 | 10.838,00 € | Malzeme bedeli | 17.10.2024 | 10.838,00 €","","17102024","EUR","UNCLASSIFIED","CONDITIONAL","CONDITIONAL","","","CONDITIONAL","TRUE","FALSE"
"","Vinç | 17.10.2024 | 275,00 €","","17102024","EUR","UNCLASSIFIED","CONDITIONAL","CONDITIONAL","","","CONDITIONAL","TRUE","FALSE"
"","Gökhan virman | 18.10.2024 | 5.786,00 € | International astar | 18.10.2024 | 5.786,00 €","","18102024","EUR","UNCLASSIFIED","CONDITIONAL","CONDITIONAL","","","CONDITIONAL","TRUE","FALSE"
"","Gökhan elden | 22.10.2024 | 15.466,00 € | İlave saclar | 23.10.2024 | 4.053,00 €","","22102024","EUR","UNCLASSIFIED","CONDITIONAL","CONDITIONAL","","","CONDITIONAL","TRUE","FALSE"
"","Tersane işçi güvenlik malz | 23.10.2024 | 720,00 €","","23102024","EUR","UNCLASSIFIED","CONDITIONAL","CONDITIONAL","","","CONDITIONAL","TRUE","FALSE"
"","Gökhan elden | 31.10.2024 | 16.000,00 € | Ergin denizc vinç pass ön ödeme | 31.10.2024 | 16.000,00 €","","31102024","EUR","UNCLASSIFIED","CONDITIONAL","CONDITIONAL","","","CONDITIONAL","TRUE","FALSE"
"","Gökhan elden | 31.10.2024 | 14.133,00 € | Tesisat malzemeleri | 31.10.2024 | 1.333,00 €","","31102024","EUR","UNCLASSIFIED","CONDITIONAL","CONDITIONAL","","","CONDITIONAL","TRUE","FALSE"
"","Yan alt sac değişimi | 31.10.2024 | 2.300,00 €","","31102024","EUR","UNCLASSIFIED","CONDITIONAL","CONDITIONAL","","","CONDITIONAL","TRUE","FALSE"
"","Gökhan elden | 6.11.2024 | 6.444,00 € | Kaynak gazı | 31.10.2024 | 693,00 €","","6112024","EUR","UNCLASSIFIED","CONDITIONAL","CONDITIONAL","","","CONDITIONAL","TRUE","FALSE"
"","1,5 plaka sac 6 mm | 31.10.2024 | 906,00 €","","31102024","EUR","UNCLASSIFIED","CONDITIONAL","CONDITIONAL","","","CONDITIONAL","TRUE","FALSE"
"","8. Kalem sac işi | 1.11.2024 | 2.300,00 €","","1112024","EUR","UNCLASSIFIED","CONDITIONAL","CONDITIONAL","","","CONDITIONAL","TRUE","FALSE"
"","9. Kalem sac işi | 1.11.2024 | 5.675,00 €","","1112024","EUR","UNCLASSIFIED","CONDITIONAL","CONDITIONAL","","","CONDITIONAL","TRUE","FALSE"
"","10. Kalem sac işi | 1.11.2024 | 4.054,00 €","","1112024","EUR","UNCLASSIFIED","CONDITIONAL","CONDITIONAL","","","CONDITIONAL","TRUE","FALSE"
"","Gökhan elden | 11.11.2024 | 16.621,00 € | Elektrik su forklift tersaneye | 8.11.2024 | 1.810,00 €","","11112024","EUR","UNCLASSIFIED","CONDITIONAL","CONDITIONAL","","","CONDITIONAL","TRUE","FALSE"
"","Kumlama işçilik 2. Ödeme | 11.11.2024 | 5.000,00 €","","11112024","EUR","UNCLASSIFIED","CONDITIONAL","CONDITIONAL","","","CONDITIONAL","TRUE","FALSE"
"","Kıç taşıyıcı L lamalar | 11.11.2024 | 599,00 €","","11112024","EUR","UNCLASSIFIED","CONDITIONAL","CONDITIONAL","","","CONDITIONAL","TRUE","FALSE"
"","11. Kalem sac işi | 14.11.2024 | 9.250,00 €","","14112024","EUR","UNCLASSIFIED","CONDITIONAL","CONDITIONAL","","","CONDITIONAL","TRUE","FALSE"
"","2,5 plaka sac ön taraf için | 14.11.2024 | 1.150,00 €","","14112024","EUR","UNCLASSIFIED","CONDITIONAL","CONDITIONAL","","","CONDITIONAL","TRUE","FALSE"
"","Gökhan elden 47000$ | 21.11.2024 | 45.500,00 € | Tesisatçılar ödeme | 14.11.2024 | 1.500,00 €","","21112024","EUR","UNCLASSIFIED","CONDITIONAL","CONDITIONAL","","","CONDITIONAL","TRUE","FALSE"
"","Gökhan elden | 21.11.2024 | 10.510,00 € | Sac alımı ön taraf | 21.11.2024 | 45.500,00 €","","21112024","EUR","UNCLASSIFIED","CONDITIONAL","CONDITIONAL","","","CONDITIONAL","TRUE","FALSE"
"","Gazlar | 21.11.2024 | 890,00 €","","21112024","EUR","UNCLASSIFIED","CONDITIONAL","CONDITIONAL","","","CONDITIONAL","TRUE","FALSE"
"","Hangar uzatma malzeme | 22.11.2024 | 1.445,00 €","","22112024","EUR","UNCLASSIFIED","CONDITIONAL","CONDITIONAL","","","CONDITIONAL","TRUE","FALSE"
"","Kaynak teli | 22.11.2024 | 885,00 €","","22112024","EUR","UNCLASSIFIED","CONDITIONAL","CONDITIONAL","","","CONDITIONAL","TRUE","FALSE"
"","Gökhan elden | 27.11.2024 | 13.287,00 € | Köşebent 60mt | 22.11.2024 | 540,00 €","","27112024","EUR","UNCLASSIFIED","CONDITIONAL","CONDITIONAL","","","CONDITIONAL","TRUE","FALSE"
"","Kumlama | 4.000,00 €","","4000","EUR","UNCLASSIFIED","CONDITIONAL","CONDITIONAL","","","CONDITIONAL","TRUE","FALSE"
"","Liman elektrik su vinç girişi | 27.11.2024 | 726,00 €","","27112024","EUR","UNCLASSIFIED","CONDITIONAL","CONDITIONAL","","","CONDITIONAL","TRUE","FALSE"
"","Branda 160 m2 | 1.12.2024 | 3.506,00 €","","1122024","EUR","UNCLASSIFIED","CONDITIONAL","CONDITIONAL","","","CONDITIONAL","TRUE","FALSE"
"","Hangar sac işçiliği | 2.12.2024 | 3.287,00 €","","2122024","EUR","UNCLASSIFIED","CONDITIONAL","CONDITIONAL","","","CONDITIONAL","TRUE","FALSE"
"","12. Kalem sac işi | 2.12.2024 | 3.200,00 €","","2122024","EUR","UNCLASSIFIED","CONDITIONAL","CONDITIONAL","","","CONDITIONAL","TRUE","FALSE"
"","Gökhan elden | 4.12.2024 | 5.553,00 € | Yalova sac kesim 316 krom | 4.12.2024 | 5.553,00 €","","4122024","EUR","UNCLASSIFIED","CONDITIONAL","CONDITIONAL","","","CONDITIONAL","TRUE","FALSE"
"","Gökhan elden | 4.12.2024 | 12.876,00 € | Vinc | 4.12.2024 | 645,00 €","","4122024","EUR","UNCLASSIFIED","CONDITIONAL","CONDITIONAL","","","CONDITIONAL","TRUE","FALSE"
"","Gaz, kaynak teli vs  | 5.12.2024 | 2.421,00 €","","5122024","EUR","UNCLASSIFIED","CONDITIONAL","CONDITIONAL","","","CONDITIONAL","TRUE","FALSE"
"","Gökhan elden | 11.12.2024 | 18.157,00 € | Yalova sac nakliye vinç | 6.12.2024 | 945,00 €","","11122024","EUR","UNCLASSIFIED","CONDITIONAL","CONDITIONAL","","","CONDITIONAL","TRUE","FALSE"
"","Kumlama | 11.12.2024 | 4.000,00 €","","11122024","EUR","UNCLASSIFIED","CONDITIONAL","CONDITIONAL","","","CONDITIONAL","TRUE","FALSE"
"","Tesisat | 11.12.2024 | 2.710,00 €","","11122024","EUR","UNCLASSIFIED","CONDITIONAL","CONDITIONAL","","","CONDITIONAL","TRUE","FALSE"
"","Gökhan elden | 17.12.2024 | 23.673,00 € | Üst kısım sac işleri avans | 11.12.2024 | 8.130,00 €","","17122024","EUR","UNCLASSIFIED","CONDITIONAL","CONDITIONAL","","","CONDITIONAL","TRUE","FALSE"
"","Kaynak ve sarf malzeme | 17.12.2024 | 3.482,00 €","","17122024","EUR","UNCLASSIFIED","CONDITIONAL","CONDITIONAL","","","CONDITIONAL","TRUE","FALSE"
"","Tersane elektrik forklift vs | 17.12.2024 | 1.566,00 €","","17122024","EUR","UNCLASSIFIED","CONDITIONAL","CONDITIONAL","","","CONDITIONAL","TRUE","FALSE"
"","Tesisat malzeme | 17.12.2024 | 3.814,00 €","","17122024","EUR","UNCLASSIFIED","CONDITIONAL","CONDITIONAL","","","CONDITIONAL","TRUE","FALSE"
"","Kumlama işçilik  | 17.12.2024 | 2.500,00 €","","17122024","EUR","UNCLASSIFIED","CONDITIONAL","CONDITIONAL","","","CONDITIONAL","TRUE","FALSE"
"","Üst kısım sac işleri  | 17.12.2024 | 12.261,00 €","","17122024","EUR","UNCLASSIFIED","CONDITIONAL","CONDITIONAL","","","CONDITIONAL","TRUE","FALSE"
"","Gökhan virman | 20.12.2024 | 39.000,00 € | Webasto ön ödeme | 20.12.2024 | 39.000,00 €","","20122024","EUR","UNCLASSIFIED","CONDITIONAL","CONDITIONAL","","","CONDITIONAL","TRUE","FALSE"
"","Boru işçiliği | 23.12.2024 | 3.000,00 €","","23122024","EUR","UNCLASSIFIED","CONDITIONAL","CONDITIONAL","","","CONDITIONAL","TRUE","FALSE"
"","Sac işçiliği | 23.12.2024 | 17.166,00 €","","23122024","EUR","UNCLASSIFIED","CONDITIONAL","CONDITIONAL","","","CONDITIONAL","TRUE","FALSE"
"","Tersane elektrik su vb | 23.12.2024 | 4.032,00 €","","23122024","EUR","UNCLASSIFIED","CONDITIONAL","CONDITIONAL","","","CONDITIONAL","TRUE","FALSE"
"","Elektrik pano sistem haz avans | 23.12.2024 | 5.000,00 €","","23122024","EUR","UNCLASSIFIED","CONDITIONAL","CONDITIONAL","","","CONDITIONAL","TRUE","FALSE"
"","Gökhan virman | 23.12.2024 | 3.269,00 € | Boru ek malzemeler krom | 23.12.2024 | 3.269,00 €","","23122024","EUR","UNCLASSIFIED","CONDITIONAL","CONDITIONAL","","","CONDITIONAL","TRUE","FALSE"
"","Gökhan virman | 23.12.2024 | 4.087,00 € | İmalat malzeme sarf | 23.12.2024 | 4.087,00 €","","23122024","EUR","UNCLASSIFIED","CONDITIONAL","CONDITIONAL","","","CONDITIONAL","TRUE","FALSE"
"","Gökhan virman | 23.12.2024 | 4.465,00 € | Ateşmarin sigorta yıllık evraklar | 23.12.2024 | 4.465,00 €","","23122024","EUR","UNCLASSIFIED","CONDITIONAL","CONDITIONAL","","","CONDITIONAL","TRUE","FALSE"
"","Gökhan elden | 25.12.2024 | 33.814,00 € | Ek sac ve büküm  | 23.12.2024 | 3.705,00 €","","25122024","EUR","UNCLASSIFIED","CONDITIONAL","CONDITIONAL","","","CONDITIONAL","TRUE","FALSE"
"","Kumlama işçilik | 23.12.2024 | 3.000,00 €","","23122024","EUR","UNCLASSIFIED","CONDITIONAL","CONDITIONAL","","","CONDITIONAL","TRUE","FALSE"
"","Gökhan elden | 3.01.2025 | 29.972,00 € | Sac işçiliği | 3.01.2025 | 9.536,00 €","","3012025","EUR","UNCLASSIFIED","CONDITIONAL","CONDITIONAL","","","CONDITIONAL","TRUE","FALSE"
"","Kaynak malzemeleri | 3.01.2025 | 3.596,00 €","","3012025","EUR","UNCLASSIFIED","CONDITIONAL","CONDITIONAL","","","CONDITIONAL","TRUE","FALSE"
"","Tesisat malzeme işçilik | 3.01.2024 | 8.828,00 €","","3012024","EUR","UNCLASSIFIED","CONDITIONAL","CONDITIONAL","","","CONDITIONAL","TRUE","FALSE"
"","Sac 3 plaka nakliye | 3.01.2025 | 1.687,00 €","","3012025","EUR","UNCLASSIFIED","CONDITIONAL","CONDITIONAL","","","CONDITIONAL","TRUE","FALSE"
"","Kumlama | 3.01.2025 | 3.000,00 €","","3012025","EUR","UNCLASSIFIED","CONDITIONAL","CONDITIONAL","","","CONDITIONAL","TRUE","FALSE"
"","Tersane vinç elektr | 3.01.2025 | 2.615,00 €","","3012025","EUR","UNCLASSIFIED","CONDITIONAL","CONDITIONAL","","","CONDITIONAL","TRUE","FALSE"
"","Gökhan virman | 5.01.2025 | 13.623,00 € | Baran akalın | 3.01.2025 | 13.623,00 €","","5012025","EUR","UNCLASSIFIED","CONDITIONAL","CONDITIONAL","","","CONDITIONAL","TRUE","FALSE"
"","Gökhan virman | 7.01.2025 | 1.377,00 € | Baran akalın | 7.01.2025 | 1.377,00 €","","7012025","EUR","UNCLASSIFIED","CONDITIONAL","CONDITIONAL","","","CONDITIONAL","TRUE","FALSE"
"","Gökhan virman | 7.01.2025 | 4.236,00 € | Tesisat malzemesi | 7.01.2025 | 4.236,00 €","","7012025","EUR","UNCLASSIFIED","CONDITIONAL","CONDITIONAL","","","CONDITIONAL","TRUE","FALSE"
"","Gökhan elden | 8.01.2025 | 23.896,00 € | Sac işçiliği | 8.01.2025 | 9.536,00 €","","8012025","EUR","UNCLASSIFIED","CONDITIONAL","CONDITIONAL","","","CONDITIONAL","TRUE","FALSE"
"","Tesisat işçilik | 8.01.2025 | 8.174,00 €","","8012025","EUR","UNCLASSIFIED","CONDITIONAL","CONDITIONAL","","","CONDITIONAL","TRUE","FALSE"
"","Kumlama astar işçilik | 8.01.2025 | 3.000,00 €","","8012025","EUR","UNCLASSIFIED","CONDITIONAL","CONDITIONAL","","","CONDITIONAL","TRUE","FALSE"
"","Tersane elektrik su vb | 8.01.2025 | 3.188,00 €","","8012025","EUR","UNCLASSIFIED","CONDITIONAL","CONDITIONAL","","","CONDITIONAL","TRUE","FALSE"
"","Gökhan elden | 15.01.2025 | 53.424,00 € | Sac işçiliği | 16.01.2025 | 11.267,00 €","","15012025","EUR","UNCLASSIFIED","CONDITIONAL","CONDITIONAL","","","CONDITIONAL","TRUE","FALSE"
"","Kaynak malzemeleri | 16.01.2025 | 3.856,00 €","","16012025","EUR","UNCLASSIFIED","CONDITIONAL","CONDITIONAL","","","CONDITIONAL","TRUE","FALSE"
"","Tesisat işçilik | 16.01.2025 | 5.633,00 €","","16012025","EUR","UNCLASSIFIED","CONDITIONAL","CONDITIONAL","","","CONDITIONAL","TRUE","FALSE"
"","Kumlama işçilik | 16.01.2025 | 3.000,00 €","","16012025","EUR","UNCLASSIFIED","CONDITIONAL","CONDITIONAL","","","CONDITIONAL","TRUE","FALSE"
"","Çadır tamir vinç operasyon | 16.01.2025 | 1.972,00 €","","16012025","EUR","UNCLASSIFIED","CONDITIONAL","CONDITIONAL","","","CONDITIONAL","TRUE","FALSE"
"","Ekstra sac  | 16.01.2025 | 2.547,00 €","","16012025","EUR","UNCLASSIFIED","CONDITIONAL","CONDITIONAL","","","CONDITIONAL","TRUE","FALSE"
"","Tersane elektrik forklift vs | 16.01.2025 | 2.273,00 €","","16012025","EUR","UNCLASSIFIED","CONDITIONAL","CONDITIONAL","","","CONDITIONAL","TRUE","FALSE"
"","Kara parkı | 16.01.2025 | 27.397,00 €","","16012025","EUR","UNCLASSIFIED","CONDITIONAL","CONDITIONAL","","","CONDITIONAL","TRUE","FALSE"
"","Gökhan elden | 22.01.2025 | 52.702,00 € | Kara parkı | 22.01.2025 | 25.675,00 €","","22012025","EUR","UNCLASSIFIED","CONDITIONAL","CONDITIONAL","","","CONDITIONAL","TRUE","FALSE"
"","Sac işçiliği | 22.01.2025 | 12.162,00 €","","22012025","EUR","UNCLASSIFIED","CONDITIONAL","CONDITIONAL","","","CONDITIONAL","TRUE","FALSE"
"","Tesisat işçilik | 22.01.2025 | 6.756,00 €","","22012025","EUR","UNCLASSIFIED","CONDITIONAL","CONDITIONAL","","","CONDITIONAL","TRUE","FALSE"
"","Tesisat malzeme | 22.01.2025 | 1.756,00 €","","22012025","EUR","UNCLASSIFIED","CONDITIONAL","CONDITIONAL","","","CONDITIONAL","TRUE","FALSE"
"","Kumlama astar işçilik | 22.01.2025 | 3.000,00 €","","22012025","EUR","UNCLASSIFIED","CONDITIONAL","CONDITIONAL","","","CONDITIONAL","TRUE","FALSE"
"","Perde laması büküm nakl | 22.01.2025 | 1.843,00 €","","22012025","EUR","UNCLASSIFIED","CONDITIONAL","CONDITIONAL","","","CONDITIONAL","TRUE","FALSE"
"","Tersane elektrik vinç vs | 22.01.2025 | 1.972,00 €","","22012025","EUR","UNCLASSIFIED","CONDITIONAL","CONDITIONAL","","","CONDITIONAL","TRUE","FALSE"
"","Gökhan elden | 29.01.2025 | 23.590,00 € | Sac işçiliği | 29.01.2025 | 9.443,00 €","","29012025","EUR","UNCLASSIFIED","CONDITIONAL","CONDITIONAL","","","CONDITIONAL","TRUE","FALSE"
"","Tesisat işçilik ve malzeme | 29.01.2025 | 8.792,00 €","","29012025","EUR","UNCLASSIFIED","CONDITIONAL","CONDITIONAL","","","CONDITIONAL","TRUE","FALSE"
"","Kumlama astar malzeme | 29.01.2025 | 3.827,00 €","","29012025","EUR","UNCLASSIFIED","CONDITIONAL","CONDITIONAL","","","CONDITIONAL","TRUE","FALSE"
"","Tersane elektrik forklift vs | 29.01.2025 | 1.536,00 €","","29012025","EUR","UNCLASSIFIED","CONDITIONAL","CONDITIONAL","","","CONDITIONAL","TRUE","FALSE"
"","Gökhan elden | 29.01.2025 | 10.000,00 € | Kaan | 29.01.2025 | 10.000,00 €","","29012025","EUR","UNCLASSIFIED","CONDITIONAL","CONDITIONAL","","","CONDITIONAL","TRUE","FALSE"
"","Gökhan elden | 5.02.2025 | 25.388,00 € | Sac işçiliği | 5.02.2025 | 8.602,00 €","","5022025","EUR","UNCLASSIFIED","CONDITIONAL","CONDITIONAL","","","CONDITIONAL","TRUE","FALSE"
"","Tesisat işçilik malzeme | 5.02.2025 | 7.661,00 €","","5022025","EUR","UNCLASSIFIED","CONDITIONAL","CONDITIONAL","","","CONDITIONAL","TRUE","FALSE"
"","Kumlama astar | 5.02.2025 | 3.000,00 €","","5022025","EUR","UNCLASSIFIED","CONDITIONAL","CONDITIONAL","","","CONDITIONAL","TRUE","FALSE"
"","Elektrik işleri | 5.02.2025 | 5.000,00 €","","5022025","EUR","UNCLASSIFIED","CONDITIONAL","CONDITIONAL","","","CONDITIONAL","TRUE","FALSE"
"","Tersane elektrik su vb | 5.02.2025 | 1.263,00 €","","5022025","EUR","UNCLASSIFIED","CONDITIONAL","CONDITIONAL","","","CONDITIONAL","TRUE","FALSE"
"","Gökhan elden | 12.02.2025 | 23.037,00 € | Sac işçiliği | 12.02.2025 | 5.376,00 €","","12022025","EUR","UNCLASSIFIED","CONDITIONAL","CONDITIONAL","","","CONDITIONAL","TRUE","FALSE"
"","Tesisat işçilik ve malzeme | 12.02.2025 | 12.903,00 €","","12022025","EUR","UNCLASSIFIED","CONDITIONAL","CONDITIONAL","","","CONDITIONAL","TRUE","FALSE"
"","Kumlama işçilik | 12.02.2025 | 2.956,00 €","","12022025","EUR","UNCLASSIFIED","CONDITIONAL","CONDITIONAL","","","CONDITIONAL","TRUE","FALSE"
"","Tersane elektrik su vb | 12.02.2025 | 2.956,00 €","","12022025","EUR","UNCLASSIFIED","CONDITIONAL","CONDITIONAL","","","CONDITIONAL","TRUE","FALSE"
"","Gökhan elden | 20.02.2025 | 30.133,00 € | Sac işçiliği | 20.02.2025 | 6.664,00 €","","20022025","EUR","UNCLASSIFIED","CONDITIONAL","CONDITIONAL","","","CONDITIONAL","TRUE","FALSE"
"","Tesisat ve malzeme | 20.02.2025 | 12.800,00 €","","20022025","EUR","UNCLASSIFIED","CONDITIONAL","CONDITIONAL","","","CONDITIONAL","TRUE","FALSE"
"","Gaz kaynak teli vs malzeme | 20.02.2025 | 3.680,00 €","","20022025","EUR","UNCLASSIFIED","CONDITIONAL","CONDITIONAL","","","CONDITIONAL","TRUE","FALSE"
"","Asansör | 20.02.2025 | 2.666,00 €","","20022025","EUR","UNCLASSIFIED","CONDITIONAL","CONDITIONAL","","","CONDITIONAL","TRUE","FALSE"
"","Gökhan virman | 24.02.2025 | 44.800,00 € | Motorlar | 24.02.2025 | € 44.800,00","","24022025","EUR","UNCLASSIFIED","CONDITIONAL","CONDITIONAL","","","CONDITIONAL","TRUE","FALSE"
"","Kumlama astar işçilik | 20.02.2025 | 2.266,00 €","","20022025","EUR","UNCLASSIFIED","CONDITIONAL","CONDITIONAL","","","CONDITIONAL","TRUE","FALSE"
"","Gökhan elden | 27.02.2025 | 29.360,00 € | Sac işçiliği | 27.02.2025 | 6.656,00 €","","27022025","EUR","UNCLASSIFIED","CONDITIONAL","CONDITIONAL","","","CONDITIONAL","TRUE","FALSE"
"","Tesisat işçilik malzeme | 27.02.2025 | 12.800,00 €","","27022025","EUR","UNCLASSIFIED","CONDITIONAL","CONDITIONAL","","","CONDITIONAL","TRUE","FALSE"
"","Tersane elektrik su vb | 27.02.2025 | 1.466,00 €","","27022025","EUR","UNCLASSIFIED","CONDITIONAL","CONDITIONAL","","","CONDITIONAL","TRUE","FALSE"
"","Asansör | 27.02.2025 | 5.333,00 €","","27022025","EUR","UNCLASSIFIED","CONDITIONAL","CONDITIONAL","","","CONDITIONAL","TRUE","FALSE"
"","Kumlama astar işçilik | 27.02.2025 | 2.133,00 €","","27022025","EUR","UNCLASSIFIED","CONDITIONAL","CONDITIONAL","","","CONDITIONAL","TRUE","FALSE"
"","Gökhan elden | 6.03.2025 | 30.102,00 € | Sac işçiliği | 6.03.2025 | 9.473,00 €","","6032025","EUR","UNCLASSIFIED","CONDITIONAL","CONDITIONAL","","","CONDITIONAL","TRUE","FALSE"
"","Tesisat ve malzeme | 6.03.2025 | 12.631,00 €","","6032025","EUR","UNCLASSIFIED","CONDITIONAL","CONDITIONAL","","","CONDITIONAL","TRUE","FALSE"
"","Tersane elektrik vs | 6.03.2025 | 2.131,00 €","","6032025","EUR","UNCLASSIFIED","CONDITIONAL","CONDITIONAL","","","CONDITIONAL","TRUE","FALSE"
"","Kaynak malzemeleri | 6.03.2025 | 776,00 €","","6032025","EUR","UNCLASSIFIED","CONDITIONAL","CONDITIONAL","","","CONDITIONAL","TRUE","FALSE"
"","Kumlama astar | 6.03.2025 | 5.089,00 €","","6032025","EUR","UNCLASSIFIED","CONDITIONAL","CONDITIONAL","","","CONDITIONAL","TRUE","FALSE"
"","Gökhan virman | 10.03.2025 | 40.000,00 € | Motorlar | 10.03.2025 | € 40.000,00","","10032025","EUR","UNCLASSIFIED","CONDITIONAL","CONDITIONAL","","","CONDITIONAL","TRUE","FALSE"
"","Gökhan elden | 10.03.2025 | 26.100,00 € | Sac işçilik ve malz | 10.03.2025 | 10.750,00 €","","10032025","EUR","UNCLASSIFIED","CONDITIONAL","CONDITIONAL","","","CONDITIONAL","TRUE","FALSE"
"","Tesisat işçilik | 10.03.2025 | 2.750,00 €","","10032025","EUR","UNCLASSIFIED","CONDITIONAL","CONDITIONAL","","","CONDITIONAL","TRUE","FALSE"
"","Tersane elektrik forklift vs | 10.03.2025 | 1.275,00 €","","10032025","EUR","UNCLASSIFIED","CONDITIONAL","CONDITIONAL","","","CONDITIONAL","TRUE","FALSE"
"","Kumlama astar | 10.03.2025 | 2.750,00 €","","10032025","EUR","UNCLASSIFIED","CONDITIONAL","CONDITIONAL","","","CONDITIONAL","TRUE","FALSE"
"","Motorlar | 10.03.2025 | € 8.500,00","","10032025","EUR","UNCLASSIFIED","CONDITIONAL","CONDITIONAL","","","CONDITIONAL","TRUE","FALSE"
"","Gökhan elden | 20.03.2025 | 58.536,00 € | Sac işçilik ve malz | 20.03.2025 | 10.731,00 €","","20032025","EUR","UNCLASSIFIED","CONDITIONAL","CONDITIONAL","","","CONDITIONAL","TRUE","FALSE"
"","Tesisat işçilik malzeme | 20.03.2025 | 2.792,00 €","","20032025","EUR","UNCLASSIFIED","CONDITIONAL","CONDITIONAL","","","CONDITIONAL","TRUE","FALSE"
"","Tersane vinç elektr | 20.03.2025 | 756,00 €","","20032025","EUR","UNCLASSIFIED","CONDITIONAL","CONDITIONAL","","","CONDITIONAL","TRUE","FALSE"
"","Kumlama astar işçilik | 20.03.2025 | 2.682,00 €","","20032025","EUR","UNCLASSIFIED","CONDITIONAL","CONDITIONAL","","","CONDITIONAL","TRUE","FALSE"
"","Alüminyum ilk parti | 20.03.2025 | 41.575,00 €","","20032025","EUR","UNCLASSIFIED","CONDITIONAL","CONDITIONAL","","","CONDITIONAL","TRUE","FALSE"
"","Gökhan elden | 28.03.2025 | 16.743,00 € | Sac işçilik malzeme | 28.03.2025 | 7.804,00 €","","28032025","EUR","UNCLASSIFIED","CONDITIONAL","CONDITIONAL","","","CONDITIONAL","TRUE","FALSE"
"","Asansör için sac | 28.03.2025 | 3.109,00 €","","28032025","EUR","UNCLASSIFIED","CONDITIONAL","CONDITIONAL","","","CONDITIONAL","TRUE","FALSE"
"","Tesisat işçilik malzeme | 28.03.2025 | 2.317,00 €","","28032025","EUR","UNCLASSIFIED","CONDITIONAL","CONDITIONAL","","","CONDITIONAL","TRUE","FALSE"
"","Astar boya işçilik | 28.03.2025 | 2.682,00 €","","28032025","EUR","UNCLASSIFIED","CONDITIONAL","CONDITIONAL","","","CONDITIONAL","TRUE","FALSE"
"","Tersane elektrik forklift vs | 28.03.2025 | 829,00 €","","28032025","EUR","UNCLASSIFIED","CONDITIONAL","CONDITIONAL","","","CONDITIONAL","TRUE","FALSE"
"","Gökhan elden | 2.04.2025 | 7.756,00 € | Sac işçiliği | 2.04.2025 | 4.512,00 €","","2042025","EUR","UNCLASSIFIED","CONDITIONAL","CONDITIONAL","","","CONDITIONAL","TRUE","FALSE"
"","Tesisat işçilik | 2.04.2025 | 1.707,00 €","","2042025","EUR","UNCLASSIFIED","CONDITIONAL","CONDITIONAL","","","CONDITIONAL","TRUE","FALSE"
"","Kumlama astar | 2.04.2025 | 1.536,00 €","","2042025","EUR","UNCLASSIFIED","CONDITIONAL","CONDITIONAL","","","CONDITIONAL","TRUE","FALSE"
"","Gökhan virman | 10.04.2025 | 40.000,00 € | Motor virman | 10.04.2025 | € 40.000,00","","10042025","EUR","UNCLASSIFIED","CONDITIONAL","CONDITIONAL","","","CONDITIONAL","TRUE","FALSE"
"","Gökhan virman | 10.04.2025 | 8.320,00 € | Alüminyum ekstra | 10.04.2025 | 8.320,00 €","","10042025","EUR","UNCLASSIFIED","CONDITIONAL","CONDITIONAL","","","CONDITIONAL","TRUE","FALSE"
"","Gökhan elden | 11.02.2025 | 13.170,00 € | Sac işçilikleri  | 11.04.2025 | 4.536,00 €","","11022025","EUR","UNCLASSIFIED","CONDITIONAL","CONDITIONAL","","","CONDITIONAL","TRUE","FALSE"
"","Merdiven için ekstra sac | 11.04.2025 | 804,00 €","","11042025","EUR","UNCLASSIFIED","CONDITIONAL","CONDITIONAL","","","CONDITIONAL","TRUE","FALSE"
"","Kaynak malz gaz | 11.04.2025 | 1.741,00 €","","11042025","EUR","UNCLASSIFIED","CONDITIONAL","CONDITIONAL","","","CONDITIONAL","TRUE","FALSE"
"","Tesisat işçilik malz | 11.04.2025 | 2.804,00 €","","11042025","EUR","UNCLASSIFIED","CONDITIONAL","CONDITIONAL","","","CONDITIONAL","TRUE","FALSE"
"","Tersane elektrik vs | 11.04.2025 | 1.026,00 €","","11042025","EUR","UNCLASSIFIED","CONDITIONAL","CONDITIONAL","","","CONDITIONAL","TRUE","FALSE"
"","Astar işçilik malz | 11.04.2025 | 2.195,00 €","","11042025","EUR","UNCLASSIFIED","CONDITIONAL","CONDITIONAL","","","CONDITIONAL","TRUE","FALSE"
"","Gökhan elden | 18.04.2025 | 20.988,00 € | Sac ve alüminyum işçilik | 18.04.2025 | 11.232,00 €","","18042025","EUR","UNCLASSIFIED","CONDITIONAL","CONDITIONAL","","","CONDITIONAL","TRUE","FALSE"
"","Yalıtım için başlangıç | 18.04.2025 | 4.883,00 €","","18042025","EUR","UNCLASSIFIED","CONDITIONAL","CONDITIONAL","","","CONDITIONAL","TRUE","FALSE"
"","Tesisat işçilik | 18.04.2025 | 1.976,00 €","","18042025","EUR","UNCLASSIFIED","CONDITIONAL","CONDITIONAL","","","CONDITIONAL","TRUE","FALSE"
"","Tersane elektrik vinç | 18.04.2025 | 802,00 €","","18042025","EUR","UNCLASSIFIED","CONDITIONAL","CONDITIONAL","","","CONDITIONAL","TRUE","FALSE"
"","Astar işçilik | 18.04.2025 | 2.093,00 €","","18042025","EUR","UNCLASSIFIED","CONDITIONAL","CONDITIONAL","","","CONDITIONAL","TRUE","FALSE"
"","Gökhan elden | 18.04.2025 | 22.355,00 € | Motor virman | 18.04.2025 | € 22.350,00","","18042025","EUR","UNCLASSIFIED","CONDITIONAL","CONDITIONAL","","","CONDITIONAL","TRUE","FALSE"
"","Gökhan elden | 24.04.2025 | 15.007,00 € | Alüm ve sac işçilikleri | 24.04.2025 | 10.930,00 €","","24042025","EUR","UNCLASSIFIED","CONDITIONAL","CONDITIONAL","","","CONDITIONAL","TRUE","FALSE"
"","Gökhan virman | 25.04.2025 | 5.767,00 € | Tesisat malzeme | 24.04.2025 | 2.023,00 €","","25042025","EUR","UNCLASSIFIED","CONDITIONAL","CONDITIONAL","","","CONDITIONAL","TRUE","FALSE"
"","Gökhan virman | 25.04.2025 | 2.023,00 € | Parampet sac kesim nakl | 24.04.2025 | 2.148,00 €","","25042025","EUR","UNCLASSIFIED","CONDITIONAL","CONDITIONAL","","","CONDITIONAL","TRUE","FALSE"
"","Gaz ödemesi | 24.04.2025 | 1.102,00 €","","24042025","EUR","UNCLASSIFIED","CONDITIONAL","CONDITIONAL","","","CONDITIONAL","TRUE","FALSE"
"","Kaynak teli  | 24.04.2025 | 5.767,00 €","","24042025","EUR","UNCLASSIFIED","CONDITIONAL","CONDITIONAL","","","CONDITIONAL","TRUE","FALSE"
"","Tersane elektr vinc | 24.04.2025 | 779,00 €","","24042025","EUR","UNCLASSIFIED","CONDITIONAL","CONDITIONAL","","","CONDITIONAL","TRUE","FALSE"
"","Gökhan elden | 30.04.2025 | 37.140,00 € | Motor virman | 2.05.2025 | € 37.140,00","","30042025","EUR","UNCLASSIFIED","CONDITIONAL","CONDITIONAL","","","CONDITIONAL","TRUE","FALSE"
"","Gökhan elden | 30.04.2025 | 23.330,00 € | Sac ve alüminyum işçilik | 2.05.2025 | 11.027,00 €","","30042025","EUR","UNCLASSIFIED","CONDITIONAL","CONDITIONAL","","","CONDITIONAL","TRUE","FALSE"
"","Triclad ve alüm için malzeme | 2.05.2025 | 6.655,00 €","","2052025","EUR","UNCLASSIFIED","CONDITIONAL","CONDITIONAL","","","CONDITIONAL","TRUE","FALSE"
"","Yem as par ek sac | 2.05.2025 | 1.447,00 €","","2052025","EUR","UNCLASSIFIED","CONDITIONAL","CONDITIONAL","","","CONDITIONAL","TRUE","FALSE"
"","Tesisat işçilik | 2.05.2025 | 2.511,00 €","","2052025","EUR","UNCLASSIFIED","CONDITIONAL","CONDITIONAL","","","CONDITIONAL","TRUE","FALSE"
"","Tersane elektr vinc | 2.05.2025 | 1.696,00 €","","2052025","EUR","UNCLASSIFIED","CONDITIONAL","CONDITIONAL","","","CONDITIONAL","TRUE","FALSE"
"","Gökhan virman | 2.05.2025 | 10.000,00 € | Baran akalın müh için | 2.05.2025 | 10.000,00 €","","2052025","EUR","UNCLASSIFIED","CONDITIONAL","CONDITIONAL","","","CONDITIONAL","TRUE","FALSE"
"","Gökhan elden | 2.05.2025 | 27.830,00 € | Motor virman | 2.05.2025 | € 27.830,00","","2052025","EUR","UNCLASSIFIED","CONDITIONAL","CONDITIONAL","","","CONDITIONAL","TRUE","FALSE"
"","Gökhan virman | 5.05.2025 | 35.815,00 € | Motor virman | 5.05.2025 | € 35.000,00","","5052025","EUR","UNCLASSIFIED","CONDITIONAL","CONDITIONAL","","","CONDITIONAL","TRUE","FALSE"
"","Gökhan elden | 8.05.2025 | 17.906,00 € | Sac ve alüminyum işçilik | 8.05.2025 | 11.052,00 €","","8052025","EUR","UNCLASSIFIED","CONDITIONAL","CONDITIONAL","","","CONDITIONAL","TRUE","FALSE"
"","Kaynak malzemeleri | 8.05.2025 | 2.594,00 €","","8052025","EUR","UNCLASSIFIED","CONDITIONAL","CONDITIONAL","","","CONDITIONAL","TRUE","FALSE"
"","Tesisat işçilik | 8.05.2025 | 2.517,00 €","","8052025","EUR","UNCLASSIFIED","CONDITIONAL","CONDITIONAL","","","CONDITIONAL","TRUE","FALSE"
"","Motor kapakları için malz | 8.05.2025 | 1.023,00 €","","8052025","EUR","UNCLASSIFIED","CONDITIONAL","CONDITIONAL","","","CONDITIONAL","TRUE","FALSE"
"","Tersane elektrik su vb | 8.05.2025 | 718,00 €","","8052025","EUR","UNCLASSIFIED","CONDITIONAL","CONDITIONAL","","","CONDITIONAL","TRUE","FALSE"
"","Gökhan elden | 15.05.2025 | 18.124,00 € | Sac ve alüminyum işçilik | 15.05.2025 | 11.816,00 €","","15052025","EUR","UNCLASSIFIED","CONDITIONAL","CONDITIONAL","","","CONDITIONAL","TRUE","FALSE"
"","Tesisat işçilik | 15.05.2025 | 2.517,00 €","","15052025","EUR","UNCLASSIFIED","CONDITIONAL","CONDITIONAL","","","CONDITIONAL","TRUE","FALSE"
"","Ek tesisat malz | 15.05.2025 | 2.231,00 €","","15052025","EUR","UNCLASSIFIED","CONDITIONAL","CONDITIONAL","","","CONDITIONAL","TRUE","FALSE"
"","Tersane elektrik su vb | 15.05.2025 | 1.542,00 €","","15052025","EUR","UNCLASSIFIED","CONDITIONAL","CONDITIONAL","","","CONDITIONAL","TRUE","FALSE"
"","Gökhan elden | 23.05.2025 | 14.710,00 € | Alüm ve sac işçilikleri | 23.05.2025 | 11.029,00 €","","23052025","EUR","UNCLASSIFIED","CONDITIONAL","CONDITIONAL","","","CONDITIONAL","TRUE","FALSE"
"","Tesisat işçilik | 23.05.2025 | 2.517,00 €","","23052025","EUR","UNCLASSIFIED","CONDITIONAL","CONDITIONAL","","","CONDITIONAL","TRUE","FALSE"
"","Tersane elektrik su vb | 23.05.2025 | 1.091,00 €","","23052025","EUR","UNCLASSIFIED","CONDITIONAL","CONDITIONAL","","","CONDITIONAL","TRUE","FALSE"
"","Gökhan elden | 26.05.2025 | 76.000,00 € | Alüminyum 2. Parti | 26.05.2025 | 75.982,00 €","","26052025","EUR","UNCLASSIFIED","CONDITIONAL","CONDITIONAL","","","CONDITIONAL","TRUE","FALSE"
"","Gökhan elden | 26.05.2025 | 10.000,00 € | Kaan | 26.05.2025 | 10.000,00 €","","26052025","EUR","UNCLASSIFIED","CONDITIONAL","CONDITIONAL","","","CONDITIONAL","TRUE","FALSE"
"","Gökhan elden | 26.05.2025 | 4.856,00 € | Alüm nakliye ve vinç | 26.05.2025 | 772,00 €","","26052025","EUR","UNCLASSIFIED","CONDITIONAL","CONDITIONAL","","","CONDITIONAL","TRUE","FALSE"
"","Alüminyum tel torc vs | 26.05.2025 | 2.697,00 €","","26052025","EUR","UNCLASSIFIED","CONDITIONAL","CONDITIONAL","","","CONDITIONAL","TRUE","FALSE"
"","Sac büküm ve nakliye | 26.05.2025 | 545,00 €","","26052025","EUR","UNCLASSIFIED","CONDITIONAL","CONDITIONAL","","","CONDITIONAL","TRUE","FALSE"
"","Gaz ödemesi | 26.05.2025 | 840,00 €","","26052025","EUR","UNCLASSIFIED","CONDITIONAL","CONDITIONAL","","","CONDITIONAL","TRUE","FALSE"
"","Gökhan elden | 30.05.2025 | 15.310,00 € | Alüm ve sac işçilikleri | 30.05.2025 | 11.886,00 €","","30052025","EUR","UNCLASSIFIED","CONDITIONAL","CONDITIONAL","","","CONDITIONAL","TRUE","FALSE"
"","Tesisat işçilik | 30.05.2025 | 2.500,00 €","","30052025","EUR","UNCLASSIFIED","CONDITIONAL","CONDITIONAL","","","CONDITIONAL","TRUE","FALSE"
"","Tersane elektr vinc | 30.05.2025 | 931,00 €","","30052025","EUR","UNCLASSIFIED","CONDITIONAL","CONDITIONAL","","","CONDITIONAL","TRUE","FALSE"
"","Gökhan elden | 2.06.2025 | 13.000,00 € | Motor nakliye gümrük | 2.06.2025 | € 12.650,00","","2062025","EUR","UNCLASSIFIED","CONDITIONAL","CONDITIONAL","","","CONDITIONAL","TRUE","FALSE"
"","Gökhan elden | 5.06.2025 | 9.191,00 € | Alüminyum işçilik | 5.06.2025 | 7.101,00 €","","5062025","EUR","UNCLASSIFIED","CONDITIONAL","CONDITIONAL","","","CONDITIONAL","TRUE","FALSE"
"","Tesisat işçilik | 5.06.2025 | 1.483,00 €","","5062025","EUR","UNCLASSIFIED","CONDITIONAL","CONDITIONAL","","","CONDITIONAL","TRUE","FALSE"
"","Tersane gider | 5.06.2025 | 593,00 €","","5062025","EUR","UNCLASSIFIED","CONDITIONAL","CONDITIONAL","","","CONDITIONAL","TRUE","FALSE"
"","Gökhan elden | 20.06.2025 | 21.560,00 € | Alüminyum işçilik | 21.06.2025 | 14.791,00 €","","20062025","EUR","UNCLASSIFIED","CONDITIONAL","CONDITIONAL","","","CONDITIONAL","TRUE","FALSE"
"","Tesisat işçilik | 21.06.2025 | 2.417,00 €","","21062025","EUR","UNCLASSIFIED","CONDITIONAL","CONDITIONAL","","","CONDITIONAL","TRUE","FALSE"
"","Manhole kapakları 17 ad | 21.06.2025 | 2.428,00 €","","21062025","EUR","UNCLASSIFIED","CONDITIONAL","CONDITIONAL","","","CONDITIONAL","TRUE","FALSE"
"","Motor montaj vinç branda | 21.06.2025 | 1.920,00 €","","21062025","EUR","UNCLASSIFIED","CONDITIONAL","CONDITIONAL","","","CONDITIONAL","TRUE","FALSE"
"","Gökhan virman 3 ad | 24.06.2025 | 5.391,00 € | Kaynak grubu | 24.06.2025 | 1.913,00 €","","24062025","EUR","UNCLASSIFIED","CONDITIONAL","CONDITIONAL","","","CONDITIONAL","TRUE","FALSE"
"","Gaz ödemesi | 24.06.2025 | 782,00 €","","24062025","EUR","UNCLASSIFIED","CONDITIONAL","CONDITIONAL","","","CONDITIONAL","TRUE","FALSE"
"","Malzemeci | 24.06.2025 | 2.695,00 €","","24062025","EUR","UNCLASSIFIED","CONDITIONAL","CONDITIONAL","","","CONDITIONAL","TRUE","FALSE"
"","Gökhan elden | 28.06.2025 | 10.217,00 € | Alüminyum işçilik | 28.06.2025 | 10.217,00 €","","28062025","EUR","UNCLASSIFIED","CONDITIONAL","CONDITIONAL","","","CONDITIONAL","TRUE","FALSE"
"","Gökhan virman | 35.000,00 € | Motor virman | € 35.000,00","","35000","EUR","UNCLASSIFIED","CONDITIONAL","CONDITIONAL","","","CONDITIONAL","TRUE","FALSE"
"","Alüminyum işçilik | 4.07.2025 | 9.304,00 €","","4072025","EUR","UNCLASSIFIED","CONDITIONAL","CONDITIONAL","","","CONDITIONAL","TRUE","FALSE"
"","Tesisat işçilik | 4.07.2025 | 2.391,00 €","","4072025","EUR","UNCLASSIFIED","CONDITIONAL","CONDITIONAL","","","CONDITIONAL","TRUE","FALSE"
"","Gökhan elden | 10.07.2025 | 28.130,00 € | Tersane gider | 11.07.2025 | 1.000,00 €","","10072025","EUR","UNCLASSIFIED","CONDITIONAL","CONDITIONAL","","","CONDITIONAL","TRUE","FALSE"
"","Ek sac büküm | 11.07.2025 | 1.663,00 €","","11072025","EUR","UNCLASSIFIED","CONDITIONAL","CONDITIONAL","","","CONDITIONAL","TRUE","FALSE"
"","Astar int | 11.07.2025 | 1.113,00 €","","11072025","EUR","UNCLASSIFIED","CONDITIONAL","CONDITIONAL","","","CONDITIONAL","TRUE","FALSE"
"","Alüminyum işçilik | 11.07.2025 | 9.304,00 €","","11072025","EUR","UNCLASSIFIED","CONDITIONAL","CONDITIONAL","","","CONDITIONAL","TRUE","FALSE"
"","Tesisat işçilik | 11.07.2025 | 2.391,00 €","","11072025","EUR","UNCLASSIFIED","CONDITIONAL","CONDITIONAL","","","CONDITIONAL","TRUE","FALSE"
"","Tersane gider | 11.07.2025 | 489,00 €","","11072025","EUR","UNCLASSIFIED","CONDITIONAL","CONDITIONAL","","","CONDITIONAL","TRUE","FALSE"
"","Alüminyum nakliye vinç | 11.07.2025 | 713,00 €","","11072025","EUR","UNCLASSIFIED","CONDITIONAL","CONDITIONAL","","","CONDITIONAL","TRUE","FALSE"
"","Gökhan elden | 14.07.2025 | 5.591,00 € | Alümiyum işçilik | 16.07.2025 | 7.956,00 €","","14072025","EUR","UNCLASSIFIED","CONDITIONAL","CONDITIONAL","","","CONDITIONAL","TRUE","FALSE"
"","Tesisat işçilik | 16.07.2025 | 1.516,00 €","","16072025","EUR","UNCLASSIFIED","CONDITIONAL","CONDITIONAL","","","CONDITIONAL","TRUE","FALSE"
"","Tersane elektrik su vb | 16.07.2025 | 375,00 €","","16072025","EUR","UNCLASSIFIED","CONDITIONAL","CONDITIONAL","","","CONDITIONAL","TRUE","FALSE"
"","Nakliye vinç alüminyum | 16.07.2025 | 905,00 €","","16072025","EUR","UNCLASSIFIED","CONDITIONAL","CONDITIONAL","","","CONDITIONAL","TRUE","FALSE"
"","Gökhan virman | 17.07.2025 | 10.000,00 € | Baran akalın | 17.07.2025 | 10.000,00 €","","17072025","EUR","UNCLASSIFIED","CONDITIONAL","CONDITIONAL","","","CONDITIONAL","TRUE","FALSE"
"","Gökhan elden | 17.07.2025 | 21.893,00 € | Herçelik kesim triclad | 17.07.2025 | 21.248,00 €","","17072025","EUR","UNCLASSIFIED","CONDITIONAL","CONDITIONAL","","","CONDITIONAL","TRUE","FALSE"
"","Gökhan elden | 24.07.2025 | 21.330,00 € | Etkin gürel avans | 24.07.2025 | 7.500,00 €","","24072025","EUR","UNCLASSIFIED","CONDITIONAL","CONDITIONAL","","","CONDITIONAL","TRUE","FALSE"
"","Gökhan elden | 24.07.2025 | 19.569,00 € | Kaan | 24.07.2025 | 13.830,00 €","","24072025","EUR","UNCLASSIFIED","CONDITIONAL","CONDITIONAL","","","CONDITIONAL","TRUE","FALSE"
"","Alüminyum işçilik | 25.07.2025 | 10.043,00 €","","25072025","EUR","UNCLASSIFIED","CONDITIONAL","CONDITIONAL","","","CONDITIONAL","TRUE","FALSE"
"","Tesisat işçilik | 25.07.2025 | 967,00 €","","25072025","EUR","UNCLASSIFIED","CONDITIONAL","CONDITIONAL","","","CONDITIONAL","TRUE","FALSE"
"","Tersane elektrik su vb | 25.07.2025 | 806,00 €","","25072025","EUR","UNCLASSIFIED","CONDITIONAL","CONDITIONAL","","","CONDITIONAL","TRUE","FALSE"
"","İmalat malzemesi tüp vs | 25.07.2025 | 3.081,00 €","","25072025","EUR","UNCLASSIFIED","CONDITIONAL","CONDITIONAL","","","CONDITIONAL","TRUE","FALSE"
"","Gökhan virman | 21.300,00 € | Motor son | € 21.300,00","","21300","EUR","UNCLASSIFIED","CONDITIONAL","CONDITIONAL","","","CONDITIONAL","TRUE","FALSE"
"","Gökhan elden | 7.08.2025 | 28.893,00 € | Alüminyum işçilik 2 hafta | 7.08.2025 | 20.127,00 €","","7082025","EUR","UNCLASSIFIED","CONDITIONAL","CONDITIONAL","","","CONDITIONAL","TRUE","FALSE"
"","Tesisat işçilik 2 hafta | 7.08.2025 | 1.702,00 €","","7082025","EUR","UNCLASSIFIED","CONDITIONAL","CONDITIONAL","","","CONDITIONAL","TRUE","FALSE"
"","Tersane elektr vinc | 1.553,00 €","","1553","EUR","UNCLASSIFIED","CONDITIONAL","CONDITIONAL","","","CONDITIONAL","TRUE","FALSE"
"","Alüminyum tel torc gaz | 7.08.2025 | 5.497,00 €","","7082025","EUR","UNCLASSIFIED","CONDITIONAL","CONDITIONAL","","","CONDITIONAL","TRUE","FALSE"
"","Gökhan virman | 35.000,00 € | Webasto | 35.000,00 €","","35000","EUR","UNCLASSIFIED","CONDITIONAL","CONDITIONAL","","","CONDITIONAL","TRUE","FALSE"
"","Gökhan elden | 21.08.2025 | 27.810,00 € | Alüminyum işçilik 2 hafta | 21.08.2025 | 21.557,00 €","","21082025","EUR","UNCLASSIFIED","CONDITIONAL","CONDITIONAL","","","CONDITIONAL","TRUE","FALSE"
"","Tersane 2 hafta | 21.08.2025 | 1.547,00 €","","21082025","EUR","UNCLASSIFIED","CONDITIONAL","CONDITIONAL","","","CONDITIONAL","TRUE","FALSE"
"","Alüminyum imalat malz 2 hafta | 21.08.2025 | 4.694,00 €","","21082025","EUR","UNCLASSIFIED","CONDITIONAL","CONDITIONAL","","","CONDITIONAL","TRUE","FALSE"
"","Gökhan elden | 21.08.2025 | 14.645,00 € | Eksik kalan alüminyum sac pl | 21.08.2025 | 14.645,00 €","","21082025","EUR","UNCLASSIFIED","CONDITIONAL","CONDITIONAL","","","CONDITIONAL","TRUE","FALSE"
"","Gökhan virman | 35.000,00 € | Webasto | 35.000,00 €","","35000","EUR","UNCLASSIFIED","CONDITIONAL","CONDITIONAL","","","CONDITIONAL","TRUE","FALSE"
"","Gökhan elden | 25.347,00 € | Alüminyum işçilik 2 hafta | 4.09.2025 | 20.168,00 €","","25347","EUR","UNCLASSIFIED","CONDITIONAL","CONDITIONAL","","","CONDITIONAL","TRUE","FALSE"
"","Tersane elektrik vinç | 4.09.2025 | 1.536,00 €","","4092025","EUR","UNCLASSIFIED","CONDITIONAL","CONDITIONAL","","","CONDITIONAL","TRUE","FALSE"
"","Alüminyum imalat malz 2 hafta | 4.09.2025 | 3.094,00 €","","4092025","EUR","UNCLASSIFIED","CONDITIONAL","CONDITIONAL","","","CONDITIONAL","TRUE","FALSE"
"","Alüminyum nakliye vinç yalova | 4.09.2025 | 547,00 €","","4092025","EUR","UNCLASSIFIED","CONDITIONAL","CONDITIONAL","","","CONDITIONAL","TRUE","FALSE"
"","Gökhan virman | 17.09.2025 | 21.000,00 € | Webasto | 21.000,00 €","","17092025","EUR","UNCLASSIFIED","CONDITIONAL","CONDITIONAL","","","CONDITIONAL","TRUE","FALSE"
"","Gökhan elden | 18.09.2025 | 29.229,00 € | Alüminyum işçilik 2 hafta | 20.09.2025 | 21.333,00 €","","18092025","EUR","UNCLASSIFIED","CONDITIONAL","CONDITIONAL","","","CONDITIONAL","TRUE","FALSE"
"","Alüminyum imalatın malzeme | 5.145,00 €","","5145","EUR","UNCLASSIFIED","CONDITIONAL","CONDITIONAL","","","CONDITIONAL","TRUE","FALSE"
"","Metal kutu kıvırma ile | 958,00 €","","958","EUR","UNCLASSIFIED","CONDITIONAL","CONDITIONAL","","","CONDITIONAL","TRUE","FALSE"
"","Tersane elektrik vinç | 1.791,00 €","","1791","EUR","UNCLASSIFIED","CONDITIONAL","CONDITIONAL","","","CONDITIONAL","TRUE","FALSE"
"","Baran maket kasası | 416,00 €","","416","EUR","UNCLASSIFIED","CONDITIONAL","CONDITIONAL","","","CONDITIONAL","TRUE","FALSE"
"","Gökhan elden | 20.000,00 € | Alüminyum son parti | 59.800,00 €","","20000","EUR","UNCLASSIFIED","CONDITIONAL","CONDITIONAL","","","CONDITIONAL","TRUE","FALSE"
"","Gökhan elden | 18.494,00 € | Alüminyum işçilik 2 hafta | 13.917,00 €","","18494","EUR","UNCLASSIFIED","CONDITIONAL","CONDITIONAL","","","CONDITIONAL","TRUE","FALSE"
"","Tersane elektr vinc | 1.278,00 €","","1278","EUR","UNCLASSIFIED","CONDITIONAL","CONDITIONAL","","","CONDITIONAL","TRUE","FALSE"
"","Alüminyum imalatın malzeme | 1.587,00 €","","1587","EUR","UNCLASSIFIED","CONDITIONAL","CONDITIONAL","","","CONDITIONAL","TRUE","FALSE"
"","Arka ek parçalar | 1.281,00 €","","1281","EUR","UNCLASSIFIED","CONDITIONAL","CONDITIONAL","","","CONDITIONAL","TRUE","FALSE"
""," Gökhan elden | 19.608,00 € | Alüminyum işçilik 2 hafta | 13.505,00 €","","19608","EUR","UNCLASSIFIED","CONDITIONAL","CONDITIONAL","","","CONDITIONAL","TRUE","FALSE"
"","Gökhan elden | 8.600,00 € | Tersane 2 hafta | 1.587,00 €","","8600","EUR","UNCLASSIFIED","CONDITIONAL","CONDITIONAL","","","CONDITIONAL","TRUE","FALSE"
"","Alüminyum imalatın malzeme | 3.825,00 €","","3825","EUR","UNCLASSIFIED","CONDITIONAL","CONDITIONAL","","","CONDITIONAL","TRUE","FALSE"
"","Gökhan elden | 16.979,00 € | Alüminyum işçilik 2 hafta | 14.666,00 €","","16979","EUR","UNCLASSIFIED","CONDITIONAL","CONDITIONAL","","","CONDITIONAL","TRUE","FALSE"
"","Tersane elektrik su vb | 1.010,00 €","","1010","EUR","UNCLASSIFIED","CONDITIONAL","CONDITIONAL","","","CONDITIONAL","TRUE","FALSE"
"","Alüminyum imalat malz 2 hafta | 1.291,00 €","","1291","EUR","UNCLASSIFIED","CONDITIONAL","CONDITIONAL","","","CONDITIONAL","TRUE","FALSE"
"","Gökhan virman | 7.500,00 € | Etkin gürel | 7.500,00 €","","7500","EUR","UNCLASSIFIED","CONDITIONAL","CONDITIONAL","","","CONDITIONAL","TRUE","FALSE"
"","Gökhan elden | 14.11.2025 | 20.556,00 € | Alüminyum işçilik 2 hafta | 14.11.2025 | 15.546,00 €","","14112025","EUR","UNCLASSIFIED","CONDITIONAL","CONDITIONAL","","","CONDITIONAL","TRUE","FALSE"
"","Tersane 2 hafta | 1.257,00 €","","1257","EUR","UNCLASSIFIED","CONDITIONAL","CONDITIONAL","","","CONDITIONAL","TRUE","FALSE"
"","Malzeme | 3.752,00 €","","3752","EUR","UNCLASSIFIED","CONDITIONAL","CONDITIONAL","","","CONDITIONAL","TRUE","FALSE"
"","Gökhan elden | 28.11.2025 | 28.492,00 € | Kaan | 28.11.2025 | 9.223,00 €","","28112025","EUR","UNCLASSIFIED","CONDITIONAL","CONDITIONAL","","","CONDITIONAL","TRUE","FALSE"
"","Alüm işç ters mazeme | 28.11.2025 | 19.269,00 €","","28112025","EUR","UNCLASSIFIED","CONDITIONAL","CONDITIONAL","","","CONDITIONAL","TRUE","FALSE"
"","Gökhan elden(sezai abi) | 1.12.2025 | 31.050,00 €","","1122025","EUR","UNCLASSIFIED","CONDITIONAL","CONDITIONAL","","","CONDITIONAL","TRUE","FALSE"
"","Gökhan elden | 12.02.2025 | 32.000,00 € | Baran | 10.000,00 €","","12022025","EUR","UNCLASSIFIED","CONDITIONAL","CONDITIONAL","","","CONDITIONAL","TRUE","FALSE"
"","Alüm işçilik tersane malzeme 2  | 12.12.2025 | 16.770,00 €","","12122025","EUR","UNCLASSIFIED","CONDITIONAL","CONDITIONAL","","","CONDITIONAL","TRUE","FALSE"
"","Yalıtım çivi kaynak aparatları | 2.694,00 €","","2694","EUR","UNCLASSIFIED","CONDITIONAL","CONDITIONAL","","","CONDITIONAL","TRUE","FALSE"
"","Çivi+tij vs malzemeler | 2.500,00 €","","2500","EUR","UNCLASSIFIED","CONDITIONAL","CONDITIONAL","","","CONDITIONAL","TRUE","FALSE"
"","Gökhan elden | 26.12.2025 | 19.200,00 € | Alüm işçilik  2 hafta  | 11.640,00 €","","26122025","EUR","UNCLASSIFIED","CONDITIONAL","CONDITIONAL","","","CONDITIONAL","TRUE","FALSE"
"","Tersane 2 hafta | 1.330,00 €","","1330","EUR","UNCLASSIFIED","CONDITIONAL","CONDITIONAL","","","CONDITIONAL","TRUE","FALSE"
"","Alüm malzeme tüp | 4.080,00 €","","4080","EUR","UNCLASSIFIED","CONDITIONAL","CONDITIONAL","","","CONDITIONAL","TRUE","FALSE"
"","Garaj kapağı ve tavan l | 2.150,00 €","","2150","EUR","UNCLASSIFIED","CONDITIONAL","CONDITIONAL","","","CONDITIONAL","TRUE","FALSE"
"","Gökhan elden | 7.01.2026 | 10.000,00 € | Alüm işçilik tersane malzeme 2  | 10.000,00 €","","7012026","EUR","UNCLASSIFIED","CONDITIONAL","CONDITIONAL","","","CONDITIONAL","TRUE","FALSE"
"","Gökhan elden | 15.01.2026 | 21.500,00 € | Mühendisler | 8.600,00 €","","15012026","EUR","UNCLASSIFIED","CONDITIONAL","CONDITIONAL","","","CONDITIONAL","TRUE","FALSE"
"","Alüminyum kapak ve nakliye | 10.300,00 €","","10300","EUR","UNCLASSIFIED","CONDITIONAL","CONDITIONAL","","","CONDITIONAL","TRUE","FALSE"
"","2.314.631,00 € | 1.698.046,00 € | € 324.570,00 | 53.072,00 € | 52.203,00 € | 15.000,00 € | 110.000,00 € | 61.653,00 € | 118.863,22 € | 57.210,22 €","","2314631","EUR","UNCLASSIFIED","CONDITIONAL","CONDITIONAL","","","CONDITIONAL","TRUE","FALSE"
